{"batch":1,"batch_loss":4.691561222076416,"_wandb":{"runtime":8},"batch_accuracy":0.008895812556147575,"_timestamp":1.7290898819723043e+09,"_runtime":6.177114591,"_step":0}