{"batch":2,"_step":15,"_wandb":{"runtime":32},"batch_loss":2.0364279747009277,"loss":2.0364279747009277,"_runtime":31.054687534,"predictions":{"format":"png","count":1,"filenames":["media/images/predictions_15_9eb0866534e935d1131d.png"],"captions":["Predicted Segmentation"],"_type":"images/separated","width":304,"height":208},"accuracy":0.5400034785270691,"_timestamp":1.7290040719598014e+09,"epoch":5,"batch_accuracy":0.5400034785270691}