{"batch":239,"_step":1202,"epoch":5,"loss":0.3063080310821533,"_timestamp":1.729591127966524e+09,"_runtime":4099.244696686,"accuracy":0.9172062873840332,"_wandb":{"runtime":4099},"predictions":{"captions":["Predicted Segmentation"],"_type":"images/separated","width":480,"height":360,"format":"png","count":1,"filenames":["media/images/predictions_1201_414756e697384ebc4fa3.png"]},"batch_loss":0.3063080310821533,"mean_IU":0.09437254530576433,"batch_accuracy":0.9172062873840332,"class_wise_IU":[0.6911812264583186,0.3247449834778028,0.1764369533859209,0,0.44040611922892225,0.2937495048720589,0,0.032439893156413324,0,0,0,0,0,0,0.0024051152695488943,0,0,0,0.14435879467414153,0,0.0027404410805167687,0.1564780557347001,0,0],"frequency_weighted_IU":0.4899153714991905}