{"batch":2,"_wandb":{"runtime":31},"frequency_weighted_IU":0.19065127913961413,"batch_loss":2.0364279747009277,"class_wise_IU":{"_type":"histogram","values":[47,2,0,0,0,0,0,0,0,0,0,0,0,0,1,0,0,0,0,0,0,0,0,0,0,0,0,0,0,0,0,1],"bins":[0,0.02548057154605263,0.05096114309210526,0.0764417146381579,0.10192228618421052,0.12740285773026316,0.1528834292763158,0.17836400082236842,0.20384457236842105,0.22932514391447367,0.2548057154605263,0.2802862870065789,0.3057668585526316,0.3312474300986842,0.35672800164473684,0.38220857319078944,0.4076891447368421,0.43316971628289475,0.45865028782894735,0.484130859375,0.5096114309210527,0.5350920024671052,0.5605725740131579,0.5860531455592105,0.6115337171052632,0.6370142886513158,0.6624948601973684,0.687975431743421,0.7134560032894737,0.7389365748355263,0.7644171463815789,0.7898977179276315,0.8153782894736842]},"epoch":5,"_timestamp":1.7295862434527152e+09,"accuracy":0.5400034785270691,"loss":2.0364279747009277,"batch_accuracy":0.5400034785270691,"_step":17,"predictions":{"captions":["Predicted Segmentation"],"_type":"images/separated","width":480,"height":360,"format":"png","count":1,"filenames":["media/images/predictions_16_a42f02e289ff79ce19aa.png"]},"mean_IU":0.02487669775570513,"_runtime":31.91100787}