{"_runtime":452.309761154,"_step":139,"_wandb":{"runtime":455},"batch":140,"batch_loss":0.6564043760299683,"batch_accuracy":0.824077308177948,"_timestamp":1.7290000038929815e+09}