{"predictions":{"_type":"images/separated","width":304,"height":208,"format":"png","count":1,"filenames":["media/images/predictions_15_9eb0866534e935d1131d.png"],"captions":["Predicted Segmentation"]},"_timestamp":1.7290005982480195e+09,"batch_accuracy":0.5400034785270691,"batch":2,"_wandb":{"runtime":33},"_runtime":31.607927023,"accuracy":0.5400034785270691,"_step":15,"loss":2.0364279747009277,"batch_loss":2.0364279747009277,"epoch":5}