{"_wandb":{"runtime":34},"batch_loss":2.0364279747009277,"batch_accuracy":0.5400034785270691,"accuracy":0.5400034785270691,"epoch":5,"_timestamp":1.7290652975137615e+09,"_runtime":34.161389156,"loss":2.0364279747009277,"_step":14,"batch":2}