{"_wandb":{"runtime":30},"batch_accuracy":0.5400034785270691,"batch":2,"_runtime":30.178836269,"_step":14,"_timestamp":1.7290885013329647e+09,"accuracy":0.5400034785270691,"loss":2.0364279747009277,"epoch":5,"batch_loss":2.0364279747009277}